UserID,UserName,Password
1,davisjames,kMgfHKhv)9
2,timothyparker,!&94+NyscU
3,edward00,MFx3aZNi^Z
4,moranmichael,6Ql8OZpw$M
5,eford,j(ksYEgh*8
6,gatesmegan,@O+LU7@A5p
7,pricejohn,)02KgmyRw*
8,colleentaylor,_S6q(ZbbeM
9,ereyes,%$53CQ9oTu
10,walterhaley,z!0AvNj5US
11,xpage,$9JIfL9w)8
12,zrivera,$5PjFnkh8H
13,rowealec,+)QbdeMOY2
14,sean52,j0UeVbEZ+R
15,jeremycuevas,*7IOnSBmZF
16,wguzman,*E0@KwAAkO
17,philip39,@cEAjGBQ53
18,imclean,+09oQBHd^o
19,samantha61,wvO+8lZ!y#
20,stanleyclarke,#)lBA5o2&5
21,mitchellbutler,_+9Kj4NuFH
22,vasquezgeoffrey,!z6NPLgpLY
23,whiteheadtracey,o&)2LOkIYR
24,carolynrodriguez,X_0Td6XNLa
25,matthew33,!pwIrAo!p1
26,juliemorrison,29Q#dan)@Y
27,lsmith,lsUk0kQj#8
28,rebekah33,!8YA$ge*9Q
29,williamsjessica,!VIr%3Lqmt
30,dustin57,+5D@4aUkM8
31,nicholas34,vO$4oyOh^z
32,kfoster,7h5ZhNdz#_
33,omendoza,+gYBE2VhiE
34,petersonronald,BD!4Hbb+Qh
35,kellyjason,%TgJ_m2v40
36,danielle70,%jU0UtFem4
37,maurice37,D*v#t2Rc!u
38,beckmercedes,Ld8OTKYzp%
39,murphymeagan,K%y#1IirqV
40,james81,^zH6z0^DC1
41,johnsonjennifer,+b8UEYstjE
42,olove,7()9SySwmi
43,wmills,0gEUSWqe%7
44,wlong,9Ii)22VoqF
45,shelly49,(7NGKlpnCm
46,douglaskimberly,c4%CbQ^5@2
47,vanessa93,_g!OKdXN%9
48,kmoore,Yq7ovBGk)b
49,jacobthompson,EcaK7Bwp(L
50,westmichael,m_5L2ic!Sv
51,dperez,$N8rZn*6qp
52,mitchellvictor,R*z(t1YtF)
53,fpierce,&T$(1GEbMx
54,boothtina,#8!YSS8D(q
55,jessica21,_5U&1nHuwt
56,zvilla,#k6NVVwBhp
57,xsmith,CN)2E0MkQ(
58,matacourtney,nvwNAzaB^4
59,brenda09,^3L9%4Lw)m
60,brownrachel,_LIxTTxV4u
61,jenniferdavis,SS^0mhMp)S
62,yatesmichele,Ef2(4IMko^
63,hwalker,U2h29Grg_)
64,catherine32,a@5bQ)Yv8q
65,jenniferking,^5myH3z@#U
66,drew51,!zsexCy70N
67,smooney,p#5DNyja0V
68,etaylor,^k^UQqokt8
69,melinda66,fw7ZXzePM!
70,chris37,Y4mRQu%4_!
71,anthony60,&sMqZEqd93
72,yflores,*2JwHVSesm
73,mark44,!9KWZc!rL9
74,bchen,34C&IqUt^!
75,ushields,(4FpRypZs4
76,youngpaul,dY%6ZT+m!3
77,simonadam,&4yP0XPrY&
78,mhill,^DTkL1YiZn
79,tiffanyshelton,_c6Blmc821
80,smithgregory,o!76pDsVk*
81,gina50,@1ORCkv0og
82,ana36,q8Z65Qni!A
83,patrick10,vHY#ZYfm@1
84,brianphillips,+Z2$X&eVQP
85,halekurt,(lQOrv5O99
86,lisahebert,x*9Uo^iLlO
87,myersrachel,@IV8IWt+sw
88,amandagomez,_#sr7KOk1_
89,barrylopez,U*n5k_Egs$
90,tracy25,x8NvGe)z*9
91,kendra29,73FgUeYy*2
92,watkinschad,@WqPjFvVK9
93,michaelhubbard,@_0!I8soq!
94,medinashannon,HH_9FiNhT5
95,zbaldwin,a^C87$Q@bh
96,vtorres,y2)jC6Ec$B
97,hsanchez,y1F!h#Zf&7
98,thomassheryl,PK6q@92np)
99,monicaperry,5FI4MYxw(L
100,michellelewis,4$VJpZkp!L
101,tracythomas,p#18$OXuh$
102,erinwallace,jZRURP6o%8
103,batesnathan,u#E$KVsm%7
104,chambersmelissa,qWH7fJgV)F
105,ronaldalexander,^D9HT5o_Gs
106,mark80,ljsQMD5v^4
107,kellysamantha,@IJkP%Mt)7
108,richard36,A90HPfrr_K
109,nancydennis,I_V5DTCz_q
110,rebeccalee,^8nbAoAhji
111,muellerbrenda,k0&*9XLn(6
112,thomasmandy,@I)XDWNqr3
113,stephen85,+z9Bso4Wx9
114,scott87,#O_(!GmT8i
115,donaldtaylor,y8@wTCg(!+
116,moorejose,YT(0XPEhRH
117,miguelwang,k9U@8&PtkW
118,jensenjustin,jM857OeJb&
119,douglas37,(pd7#Q!je3
120,margaretgriffin,(bU6O7lfT5
121,padkins,+w0FlqpQ_d
122,nathantaylor,14lYQwFG&0
123,ryan99,ih8Ps5yux@
124,patriciagarcia,20RgtbS5*K
125,owilliams,Kv7t9Wzx#X
126,burnsmichael,(1flW9s007
127,mariokline,!oHWHXP7#7
128,heidihall,z%pM4Lvr#6
129,fwhite,KlOk1rDk*#
130,nelsonderek,e37*eXDu*L
131,lisa01,3CaiYmLU@r
132,xbrady,n#J38YLnX2
133,megangillespie,6kHha!bE*)
134,hallrebecca,*w3US4Ay$p
135,ibenson,(sTEz2Xv#U
136,wgross,w4Hm3lxw$x
137,douglasjames,*W0Yki%Da)
138,mark84,81Uf!QSv%0
139,jameswilliams,_y6c5N2ldx
140,fischersherry,8TvRoylx)R
141,bnicholson,eKgfF5Ubc(
142,daniel60,Kdt0LWrS(d
143,todonnell,@7#PwQU^SB
144,oreyes,waO9sRCz^7
145,arnoldmary,+s@8p0CuiI
146,patrick11,!K9hSp@k36
147,william18,cDm3qHLoe+
148,ccole,w!vW5Bfa@!
149,garciabrian,n@6+7DsjC_
150,qolson,rK0oHyCb^s
151,lwright,Svc8Bf1s($
152,sanchezwendy,&(90USobzC
153,natashaspears,2(3^@VopDr
154,william67,nqnB3XNLG$
155,parker89,@1TWLUs!Jh
156,garciamarcus,rT!L0JQo%b
157,joshua93,E&3S4UcT*u
158,felicia65,8Z3#J5Rw0Z
159,christopheryoung,!^%rRKg*Q6
160,andersonbrian,Z&1(ZarU&H
161,ucasey,11A_yPUG+s
162,dwayneswanson,*2)Baeh55+
163,blakewright,!Iyi7SxlAi
164,mendozaerika,(+1HonTHxV
165,nhayes,pZh55pZgF@
166,jack16,6a4QOom44_
167,christina21,$i@mWCv%V3
168,amberbarker,I(9EmSavtJ
169,alishajones,_ggC0JBf@C
170,jenny47,1LwS_vja&V
171,ferrelljessica,%fL@q_fEN1
172,courtney47,(3jVHvDWJ_
173,rebecca99,@gh*@8Dy6A
174,hayley64,3ebU_HhU#p
175,tony28,0GJF38V@*f
176,megangarcia,+7TmD!flk+
177,kimberly08,@y0gBvfi0m
178,cbrooks,YnFiivbB^7
179,alexandraglenn,(0pDj)zsMf
180,carremily,L8KrydMo$m
181,jherrera,D)5fbIXwEZ
182,bryan87,_m6R2nj3Ok
183,raymond56,DEgI9HDfB+
184,andrew79,+hK*2CDu_8
185,rodneyclayton,qH&71ZPb_f
186,whitebenjamin,^eMe24sa7w
187,powelltina,)1eyNpSnoQ
188,jason38,I_7D_6lq!Q
189,angela58,#pSjpM50T8
190,orichards,_pS4zlg%*2
191,ggreen,at#6Rc2k%T
192,jamesmckay,45DxmI9T(5
193,lisa26,i9A3G&$v^g
194,smithstacy,_6Ks6GOrh5
195,gsnyder,Y#b9V&z_uV
196,jamesmcdonald,F)(@7Pz4j^
197,lucasbowen,)B5WxHyAwE
198,eric57,&Y1PP#ljbc
199,theresa75,*51Enj@j%$
200,tvalenzuela,%6i08IyrF8
201,danielingram,_1Jn4Ciin_
202,ndiaz,p*Sm(6Ee)l
203,qwoods,gPuWXfcC$1
204,igrant,e+5+X0PK!h
205,charlesnelson,%4rWJWyVUj
206,hrivera,(kUD@RY9C9
207,martincassandra,0IMCX&d7@n
208,raymondtorres,vu&UVMeC)9
209,thomas55,Q%7QFHfa+y
210,spacheco,&2^1dXHgq2
211,garzaanthony,1uL%a(@_^y
212,kevinsullivan,+zj42Cl0Qa
213,phyllisle,ok^1SOnFoa
214,joshuahernandez,mM@3J_*b&Y
215,rangelbonnie,F3Ta^Liy!n
216,molsen,#T*2NSvc71
217,ortizdavid,n(Ees+su+9
218,zhenderson,(QpDk^Xr9W
219,nphillips,Nj@0x0Qkt6
220,sarah60,G9&t1L9i!(
221,andrew36,Q#(r3Hua^O
222,fjohnson,af0XiZMe^8
223,andrew57,a*0jBotd0w
224,cherrykevin,V+Z&28VrBJ
225,zberry,6@5MbZkR0f
226,davidaguirre,@55U1LuWJV
227,vlopez,#_n3M+vIla
228,michaelfischer,Gv3EOMVq%*
229,burnsthomas,^(Iyxc%P5_
230,natkins,DBpR0U3n*#
231,davidjohnson,540zPSBf(V
232,kim91,pC3l6Yxr%W
233,saustin,1(7J@RkSjB
234,johnmendoza,^lu2FJUqH7
235,frank32,7xxOkQvk#C
236,brownsheryl,oGuH9BnAI(
237,jacobglass,&26%OgP727
238,heather09,&7G(*Tx!(m
239,josephapril,0FVljv!&*1
240,tyler32,h^xJP!Ip!4
241,chris97,b_EXir3@%2
242,douglasstephens,Bt2G_yQI_o
243,whamilton,(y(gNoOkx4
244,fgray,(6UWB6Zga*
245,lmarsh,&Va1t6JvV2
246,ipatton,!M0PoCaDa#
247,charles56,_6nGByysLD
248,jason45,g$6o+VsV((
249,umoreno,phQZ%xQ4(5
250,mariaanderson,IFV#7WhqJS
251,rcunningham,%o@x31Okqm
252,deborahnewton,__UdtTkvb7
253,kdominguez,u#w%7Mc5dv
254,steven15,kaEKo+60$3
255,sanchezcharlene,J#b2CXz69Q
256,riveradonald,7C0vNVQf%V
257,tyler75,$7xabjF@b(
258,ksalas,BSIJfuun@3
259,hansonamy,)1%QAijX5(
260,acarpenter,V(LTOP0n(8
261,chris89,OO$H#Mld&2
262,jillian16,*ZDBnNNGh9
263,imartin,1@(GjRXo^8
264,mary21,CP+U3@pp+8
265,bryce96,l1abL)xO+1
266,zbutler,Dy7zDCbh3(
267,brittanyenglish,&FSwB5^qm5
268,mark14,^8bKDK3p8y
269,jerry27,v__9TBvf)y
270,jeremy79,^4HBperQAg
271,normawilliams,)FeXo&sxV6
272,williammorales,TTS5&d(ud_
273,mgibson,*Juz3FDz^k
274,sprice,(4UVrFkewK
275,huntchristina,F15HE0jK*H
276,georgezuniga,q#D62AGoGY
277,hollandjeffrey,eW%4HMu)r)
278,marcharmon,_TMY2h%L%0
279,daniel71,+wRCTu8W8i
280,meghancompton,#&I2G$iC%1
281,pclark,uQERSVTl(5
282,xhernandez,W+)1QXjDtR
283,joshua20,+(V2LUXd5H
284,martinwilliam,wDsfDlGt&0
285,april18,!wfS(Xc9g9
286,chrissimpson,eEp0V(vx_&
287,stacey03,Uhw2YZtg(5
288,ymelendez,pK63W$wkS!
289,hamiltonjessica,%hsnPbq20T
290,ftorres,DS6^WriJ(@
291,pjames,69zh2CyG)r
292,josephdeborah,8MV9I(fi!j
293,brittanyphillips,lstIPCnT$8
294,barbara97,r40#O#Lt@M
295,townsendmatthew,%+qZUoT1O1
296,dreed,Nl8NsBpy_*
297,daniellecaldwell,R6VwFWxM)i
298,keith22,^D(p2BwvDz
299,klinetraci,%#Ds0_Xxze
300,jamesbrown,f)E9HYgus^
301,shafferkeith,F471NqrI%j
302,shannonfischer,&R46&3Woc6
303,lovekaren,LH)170UaG1
304,sreynolds,O+6E4WPdcb
305,gregorymiller,Sj0w!DfS*b
306,ujenkins,$!0r@yZq4S
307,tracyevans,wBCTu3jr+!
308,castrojulia,&LaJk*zWE1
309,lbailey,_T+02KVnPG
310,keith34,f%2TYTjpT!
311,jonesethan,t#1Ga8v)Os
312,lpeters,JE+!$7BmH2
313,brittanysmith,_+9kNLar8&
314,brooke49,2f%&WAO8&)
315,daltonnelson,tKzZSgRV$4
316,williamscarla,__H2JTpjy^
317,tamara22,$xH@0AWojn
318,philip59,fSow5vcw_%
319,lmays,)z6hT!At)0
320,elevine,umt)6wHg@I
321,santiagodebra,6kScsSJr##
322,laura15,cCJhALHX^4
323,lholmes,Mcqv(1Eeii
324,arthurpowers,#7E)@BDvqP
325,christine39,C4_$VnGe#o
326,adambenson,_8N7&sP8g1
327,kjackson,X1^E9Yy3e!
328,nmiller,*4tBIGcsrT
329,nelsonheather,m*4fDh$z)0
330,pmeyer,_D@A6X8m9P
331,george08,w$(2YTkq3t
332,zlopez,jBJ%n4Xwq8
333,alexander88,+3IGRaF%Hc
334,amandaramirez,V$2ABxMTXa
335,johnsonjoseph,P!71&Dm5#u
336,gtapia,AUB@geuF_1
337,gailwheeler,#z7nEbpk)v
338,shawnbailey,(9t*4YCj%l
339,donna41,uMAT2gDy(D
340,pamelareid,_300F$piI4
341,dbrown,yZ7Hk#oyU$
342,hancockchristopher,tfODYqxd_1
343,pricekaren,iCG4Kh1q$5
344,pbates,zJXCc(O+(6
345,allencarlson,DIUQpo_d#4
346,johnmurphy,EJ56TPLl&c
347,joshuawilliams,HX8FqLat*u
348,allisonhenry,&2PneUv*_a
349,donna44,!4ztX6Dw(o
350,ramirezjavier,7#v6Wtglm&
351,jasminlandry,9vF9KNj6)$
352,timothy90,#6^XF4)fu2
353,knoxheather,Q%2zJjml*i
354,dabbott,+0Ew3M7eS^
355,adamskimberly,i5PpVdhn*4
356,gjohnson,8*KLJXVc^M
357,amyprice,ExRP&2CkH)
358,lhess,!l5D8Bxq^D
359,steven72,+n#5cZ7aU^
360,henryjohn,J_P83FPb0V
361,smoore,^6PQ)Ktx^7
362,teresa92,Nc%0+Wn*UK
363,breanna79,^6Iw+*shOd
364,alexander62,M&b4CmJo)s
365,tanyasmith,AAS9+BbwN(
366,sheilaavila,%6KK7vVJU4
367,erichunt,rq$_0JrQ6(
368,brockdavid,#yI8DXBbn8
369,amberweaver,fu78&oVaO(
370,donaldmcbride,#Q_R35UfTK
371,howemandy,&jP7dxEW0d
372,vquinn,)ZlV!Jkb!4
373,sandra67,^kPdE(zd!5
374,briana96,!#fJ3lP^s4
375,tonyahess,Adv5g9YsL&
376,manuel55,B^^5bqEm$H
377,jacobgarcia,#0E#3et_l0
378,jrowe,FDN3iGs_!x
379,rodneymartin,(7B8J&yrpk
380,maureen67,FI2tQBcUC)
381,bobby21,$Rf!7mRj+#
382,washingtonkerri,J^8DVAorWz
383,mpowell,P!F*7WOp4*
384,markward,0V4#SI^t5*
385,valenzuelajeremy,*dr5N$Iq#Z
386,dominiqueroman,!5P%P6PrfC
387,careytaylor,936AhAi$+v
388,kaitlyn75,_oiLSlRaE2
389,patrick53,g*O2OAsm!c
390,brandimartinez,r0D8NhqNl@
391,justin53,V+6S2W2m4$
392,jonathanwilliams,^%ZY!w)q_9
393,jenniferwhite,%1KQ@kk+Xl
394,ustewart,A5M$8OpS6Z
395,john31,*voVuuey@0
396,amandawalter,%2*c$qMD&s
397,heather23,_4OjVOGq^*
398,colin58,M5myUJP$&m
399,zflores,etLuhppD)9
400,aross,+o#GdQOn4w
401,glawson,@WLhurAe2(
402,mezagina,!_1sl^Jc&Y
403,iward,3O&(vmba)N
404,markadams,m0AHlCq*+j
405,cassandrarubio,$aCmxPxd5k
406,kyliesmith,#89yU8a@OP
407,pperry,AhNc6Tp4p)
408,larrycollins,F!5QRMVxzT
409,theresagrimes,9(q51L%dM%
410,vanessajohnson,$#c!4DGnpP
411,jwilson,J6AXnIHq$d
412,joe14,q6vS#b1S+@
413,wardjason,^)9*XKYj^B
414,nnichols,&XoL1E1qFo
415,michaelcline,J_JLq8xt@K
416,beckermichelle,#$^Uad6b*0
417,umurillo,#X2ECLw$*y
418,gonzalezdeborah,%F)TOOj65X
419,amanda13,YoqC_&PQ&7
420,ikim,&9mKFPaKDf
421,erobinson,)#T0aJSnN5
422,sandrajackson,P0kqFwvm&)
423,gcook,!R90FfFoY2
424,beth11,_gQqi(K4*9
425,michelle08,O_1DnSRmyR
426,florescynthia,!!1ZMcXhRQ
427,wrightchristopher,_2Z$VeGdj5
428,kmanning,*#h3p+KykX
429,jennifer28,Qk0TC8G32%
430,heidi90,_cdHzOWu14
431,christopherscott,YKzkC$dk%9
432,ashleythomas,+8UEIM+kLP
433,tjohnson,k99kpNlZ!g
434,oadams,4F&mLl3s)2
435,antonio11,)p2Z0g9ce8
436,sbarr,6%Ei05IyRK
437,kevin54,s#2GHKsM^9
438,whitelee,$7BPxq$kmf
439,agarcia,XS16FdB(Z*
440,rossdaniel,$)XWpMorF8
441,kaustin,2t@yDmM+^J
442,haley10,5@6MOtRoku
443,simoncrystal,^c#jUM!iY3
444,matthew81,(4)qUx42_C
445,zwilson,f2Da04RmH$
446,millerbrian,J%O3iEkP1v
447,lhall,r0QbXKk#+L
448,wallslawrence,wY0HSfTh@C
449,pbender,&9tLJ2_g5G
450,reneemccormick,X)Ig4#RoWx
451,zhuang,kIDmSHFN$4
452,jacksonadam,$u1bPEGuo!
453,hmiller,)g2FBQtg3W
454,williamslisa,pz7lfFmSB(
455,davidmiller,f!6$1SpD1%
456,stephen02,!vYB2@r179
457,laurahays,#U2^zN8kl)
458,jbeck,!4q6t*Gkw2
459,fowlerandrew,z@2xXh(g#e
460,summersdarren,x%9E41kp+2
461,richardrobbins,H!H3ocht@0
462,jacobbryant,(Q5T3Qz8&*
463,iholt,S!2TKjwt8m
464,eanderson,(8EzG3Z3jx
465,kimberlyharper,(he%9Md88q
466,vwalker,EC%G1BhZE#
467,johnlambert,6*1KfVdyBG
468,santanaleonard,)zLS6OaFC)
469,imendez,z(5Pu^tv&K
470,jerome53,F+9Bem1aty
471,kingtroy,FdBm_hDG*2
472,kellerhannah,%5AOr)IFI9
473,wendypowell,Zq&ikOeo*8
474,bendergeorge,*&SUdn!Vj4
475,kyle38,c0MjE6SjW*
476,wilsonvanessa,514UFLk@*(
477,rbarnes,1K!4Sao%%v
478,joymarshall,82CYHbeq+P
479,mrobinson,ou8%^0AH*_
480,wellstammy,(+p9Edjp#v
481,melanie02,5$bTGAPt+S
482,heather36,%1Z1FyeuSr
483,jeffreymcintyre,^+Wl4k_096
484,williamsbrandon,vl2X3VMJi#
485,deborah43,%2%9N$RhEn
486,howardjames,v@p2BRboTm
487,melissaharper,Wj&L+9Fp+6
488,victoria58,vDi!1Gk0s#
489,crosbydaniel,k17eUiy0)G
490,deannacantu,aY85EHm@f(
491,jill94,#zq7PLav&n
492,steven48,@0ePP1msaA
493,ronald59,k7pWzDPv%9
494,jamiestewart,yz7KHkTJK#
495,bakerdavid,%8Q(w^3K^i
496,kevin34,6U2F2nXle*
497,michael64,*AMO5FDu$z
498,sarahall,0*2KeT7wEC
499,millerkimberly,)4R33h)6w4
500,fhansen,@r5Vnfu$w7
501,uhensley,!%6Dnum0&l
502,vegahoward,+5LtY8bDZT
503,juliegillespie,P10CKgnu)E
504,nortonshannon,&dN&wKmo6f
505,brett30,JIRBWeSn$0
506,marshallkristen,&5l5wwnUgP
507,david95,*0146PQz%7
508,masonjeffrey,67(AE_yi+S
509,jenniferbailey,+^0Q_Kmyhl
510,shieldsbenjamin,v0uUnMl6#R
511,smithtraci,kM&9dOm()f
512,kelly28,(^8w2EjbpQ
513,samanthalawrence,#%5YBUmrgN
514,abrown,9$1SqCuf!@
515,sullivansheila,(5Pwrb^+Ur
516,amywolfe,*3NfJnON0G
517,gileskimberly,t$7QwSFYrj
518,clarencezimmerman,$J2B%E$nu)
519,mathewslaura,Dht0Wkz2!9
520,hlane,7qhOwraF)!
521,lynn25,+3BB6o($LS
522,melissalee,k2+J0PDY+s
523,elizabethsmith,s3&pY15q(z
524,anthony80,n+E9S0iXTy
525,davidmeyers,8VBoYqvz+4
526,jessicachristian,n3A&v^Aq@0
527,gcline,)nW^@3AauR
528,bdrake,WQ_45Du#NZ
529,toddfranklin,XP80qQ&p)6
530,vglover,J^V9EJu%l@
531,wallbradley,$5ZzEcliEc
532,huntercameron,7VCDi7Ak*B
533,hubbardalexandra,fcT6AvPFR*
534,aandrade,z9MB*_uu$U
535,stephaniethomas,Rx2nQJAzW$
536,kenneth36,_17LSZy_9s
537,shannonmorgan,%!9YmW^w1S
538,rebecca88,*Q5kGpt8V*
539,smithcharlotte,%C4ePlns%#
540,dylanfletcher,!0MyFF%oj&
541,allison42,($(1Ljk1&&
542,qhayden,fCBExbLy^5
543,daniel11,B&6J*WK)ls
544,stephensmichelle,YYss(LXd%3
545,jeffery35,$3hFsq$Y5)
546,loganjeffrey,6c5M05F6+!
547,dhurley,!DO@3Kt^p$
548,kpowell,$VODltbm%2
549,holly77,A*C2UteOXs
550,jwood,+t!22Yri#R
551,cory38,%49kJRUf#@
552,christy19,x6&2Nx_YGB
553,dorseyrhonda,!X0Ng)g2@s
554,margaret15,mk5UMFMml(
555,sarahhouse,6$+7P**q+c
556,burnstamara,#5sXzpqmry
557,jordan26,qI4HioiZ%u
558,brownsusan,t7TkLfap^b
559,castroblake,F^%S0DGlQ)
560,qjohnson,yXXmgJw_%1
561,thomas52,X2L*42MbZW
562,ashley82,FU2+2Das)Q
563,kathryn43,&MD3XgMxEk
564,cbradley,*)0)Onqg0J
565,elizabeth32,^qiZj8c_95
566,oliviavillanueva,#&W^Bu!ja2
567,suzanneryan,$spMAX^xg2
568,brucemorales,O^A4WAwV*x
569,brandon36,Y%rw3J4ftj
570,alicia70,#O2rH4hey&
571,turnerashley,@gH%4Tjh+1
572,melissamartinez,^2*Mem16l5
573,kanderson,%JXX7eRcZ&
574,tracieberry,+8L!Zubix%
575,pamela75,D9BgD)c#)G
576,aguilarkathy,7Li8ZHhVo)
577,radams,Ut0ewXsf!s
578,cpope,z1APlQx)!f
579,vanessa65,#$EuDnrn6c
580,crystalsmith,Q0DUSiSK)8
581,ellishayley,2(7^C%63Ml
582,emily58,Vv9xZy7tv^
583,michelehunt,P1BqAShw^4
584,sarahawkins,*IBQLMju7R
585,clairenguyen,Y(q1u+dB#F
586,jessica95,)^6EbvbRx+
587,adamsruth,^3HyR@at05
588,christine53,r_8ZHiaJTa
589,petersenheather,R6PP$Ia2*e
590,sguerrero,zSRPm+tf!4
591,rterry,(rF^S1ao8A
592,thomascarl,y&8Z5BlIV1
593,charles14,)3(JH#Ido2
594,shirley03,&RZ+QMz@I6
595,joshuamiles,2!RZ2_Rn2h
596,esingleton,!(rj7Wm*WU
597,catherinethomas,&#0E^dD6Rp
598,kristinathomas,5Awo8Bsl^&
599,clong,pb2Dd2Zpm(
600,elizabethphelps,t6A9OeJy&6
601,kyle07,*zRKQ&^_t5
602,tylermatthew,@OVGGYG6d1
603,boydronnie,zC4E&0ex(+
604,patriciashaw,%GY^Qnuh5+
605,lindseymorgan,LD3Zhg4z!Y
606,tonyoliver,6c7YY7_o@1
607,rachelcortez,#V31$6%kX&
608,wbooker,$AK9Y6KoA(
609,kristamorris,$5+0O90s!0
610,carrie71,A4FeNOoe!_
611,vrollins,OCAd5XsoO*
612,zarnold,dwQAoN$V*0
613,sonia27,+45+Vo5Mbo
614,davidrodriguez,R80XXQs@_7
615,linda85,P(7Ef5z7Y0
616,xolsen,8vL5QHm)*t
617,susan41,b9Q9PgwI_s
618,davenportdale,3i&1tSwzZ@
619,stephanienunez,(el4&KYm7I
620,lisagarcia,&21om7qdMB
621,chelseacrawford,V&6TqS9s!D
622,hbrown,Po7gQr#9^6
623,kirbyjason,ls!1YElbq+
624,henryadrian,brg4WbGY!4
625,david20,Z0HPIVs@)6
626,fischerdavid,!we@g0Gm7(
627,hawkinsjustin,9_D0Omjh*u
628,robert40,+@0$Y0dY*v
629,joneskathryn,k2pMCvdn^4
630,nsanchez,F*ir7QytY+
631,meltonemily,@8QcMVIS10
632,kathleenhunter,XqVOFzYb+2
633,landrycaitlyn,Pn^^tLf*)8
634,johnfarley,^2MY9e5q_m
635,lopezpaul,%N0hRyjT4*
636,tammiemunoz,@qiI2WYzdA
637,nmaldonado,%JvkR6Za6E
638,briantrevino,J5%E5Wp9YI
639,william93,*50X+rnkEc
640,istrong,6aVO_FiB_H
641,kimberlygoodman,%50FkPpy*H
642,hferrell,23Dg+BR%!r
643,shawn18,+WwS4tzW0X
644,donna21,(lQpaEaVo2
645,julie94,DQZ3a$dJ&8
646,millsmichael,^ad26R5h4u
647,brianhernandez,%JWEaEm)3&
648,santosandrea,HkNshJN$)7
649,ndominguez,!4%#i4HtVv
650,ulang,1pOoY1Z_&7
651,caseemily,$0Ql61Ug+a
652,fieldsgeorge,!$$xNXqP4k
653,imartinez,uRk8NQmI4*
654,danielcarter,!Af2Omc(o*
655,rachel72,0d0*EIq6@p
656,cantrellshaun,g64UyVpKA@
657,thomaslee,26ERDsnF#K
658,waltersjessica,%zlH8WFnJB
659,bowenchristopher,a&+4H)solx
660,luisking,+I3Z#o5wQr
661,shobbs,$cIRht8ij2
662,stevenramirez,p#6S+fr@Dx
663,stephanie03,^7dFgOucjK
664,wilsonjames,*FeE8c6)2e
665,ocunningham,(6YmA3jmlw
666,wilsondaniel,_B*)ZN4a2i
667,rtorres,+rP4UCrtp0
668,tiffany00,%2Su6DltpA
669,ahinton,MnyOm62h_0
670,sarah82,$1Fo&gud6U
671,allison00,g(f4ZSi&Oa
672,amyhudson,N_8MtGudsh
673,xpeck,A6RlH%Ta_0
674,hmartinez,a1UMWg&u&r
675,qvega,u3nIMNfQ&#
676,jacksonsamantha,#&(PUvyP8r
677,tammyalvarado,d$9fNbKc#v
678,gsims,g5rX*E7h^5
679,scott37,K8AsjJys@l
680,charles37,@q0X6hhv@w
681,laurenhill,gsJ8JlesF%
682,jessica85,a_#hN9R@*8
683,christopherhall,6AQTkD9I$9
684,paulanderson,(4Vxt9FK(9
685,jasminsmith,A30y%P))%a
686,thomasmendoza,%0&Hj@A2O5
687,rodgersandrew,#yx_TQ+^l7
688,james60,&7IIU+IPcv
689,nancywilkerson,_0+!3M_lyz
690,alisha29,bg3Ujba7_8
691,haynestyler,PeE7xJWJ2#
692,qescobar,+teh5CRq8K
693,amybennett,C@vFU1VyTy
694,ywood,%$fAq2Vlm7
695,lmarks,8YSeh&gW!d
696,villarrealrebekah,h*73XN(rxk
697,brownmichael,Yn0aP!w*!r
698,sawyeramanda,!5H1UVmoS&
699,vaughnshelley,#25GFaVjo^
700,morriswilliam,yMmPG85s#3
701,zacharywright,T%ja(9Jp5d
702,stevenfry,$5Z$%4_lSV
703,lawsonjessica,b!c(v3Wso^
704,john42,_S5B4enNt6
705,biancajones,&CT@KHFkO4
706,clarkjustin,V%BY4JRZzq
707,arthurtravis,j&D8Smoa$j
708,jillcrane,&8sPGbgh70
709,xcollins,__Qg2saN98
710,rhernandez,_c8ULy^2^m
711,dwilson,n&3WZTqF*H
712,brianaguirre,(mI3xOqP0(
713,ppark,e8G8Uz7m_7
714,gspence,^5jJyORwxE
715,qcollins,F*93Bgsth^
716,colemantara,KEXp1RIpB^
717,thomasreed,hv5F@xSD6^
718,santosjoshua,!2Puvl@6%m
719,anthony27,_U1MWaxQ7p
720,hrandall,tJ9RaD4)9@
721,pbenson,%C2CiLZbc5
722,john59,^alo(8UfZ$
723,donald12,(024lAw5Og
724,shawdylan,%!6FxQuUUL
725,gibsonholly,$8qb4OKy(H
726,mcdonaldnoah,95*Lva0+#7
727,jenkinsdaniel,ag0K&IA1(&
728,michael09,%DOQLXig9l
729,robertskristen,0#15BiOo#i
730,patrick64,4kpGIi2w+R
731,kylejones,TOWg0Z4g%J
732,denise23,q&6_H@OxIR
733,patrickwillis,&&I@HdScJ1
734,toddharris,aPax3Tr3&9
735,chernandez,TBSR7fen%2
736,brennanmary,C)#a3LcJ0B
737,crystal23,q3k0ZDR4+u
738,bmcneil,!^J9Z*fySK
739,richardrobertson,8U3Z2ErK+F
740,alirebecca,Xv@7Wi7j#&
741,ucollins,#8WDLks9As
742,jenniferwoodard,9e!nCi$6#2
743,deborah54,9Q9OmVy05*
744,millermichael,p7ArI$qv*8
745,heidi86,T5+iWxU##i
746,lorraine26,VN3XgqWx(_
747,saracarter,fo1W8nHK^g
748,anthonygarcia,O^1e4Lxl$5
749,uramirez,T08N&M6y$f
750,shermanderrick,(_nC0go3N4
751,julia13,$7BHBWggh)
752,gregg00,&WKYVvCzq5
753,elizabethlambert,fG18GZd#%4
754,kristineklein,^#78JfLi81
755,esullivan,CJP+4IYuar
756,melissarodriguez,c*l9glKpzR
757,veronica34,@4XTYB+t_%
758,jennifer99,_4$Z8K%)qk
759,schaeferlisa,Z1bEyS@f$g
760,jporter,ihn5C3Fz)7
761,miguelolsen,A5NqwUyj^P
762,jessicacox,H3CEIvMZ%r
763,ochoajermaine,(6GNBqiM2g
764,youngchristopher,n4dRxNel^9
765,christine29,UTp2Yxfr*!
766,dtorres,#6$49AtJLU
767,katherine71,^O@m7C5sA&
768,brownmarie,9W4_RSr(c_
769,rickporter,f!k1(Pw0sq
770,matthew53,_NGVvEKir3
771,charlesfrazier,8mw3Xv)uA^
772,mnavarro,+agYbNdrN8
773,robertsamy,j6Tcn9h*(A
774,rachel01,*f8Fkx)hrS
775,twallace,$kma5QWkGs
776,goodmanlindsay,@vaAVTeCk0
777,harpermarcus,b%eB8YN9vq
778,ecastillo,fDMIxzRp%3
779,lisa00,**Z5XeQbOx
780,shellysolis,TnlX5CEGW%
781,ggarcia,BX8JUO)me^
782,williamsmichael,WH7RkYQdb(
783,belljoshua,_%dCLp9tl1
784,fleonard,67ZFHzUu(o
785,jennifer15,#4$5YrVy)y
786,smoore,_Bp7Bkq&(^
787,nkim,c^2mIHj1u&
788,anthonybarton,+70KVxU%(H
789,bennettclaire,U25TDArU+U
790,holdendaniel,f#nX^aK7Im
791,mbaird,@C^F$6i8^3
792,jacob47,H4bVO7lE^x
793,freemandan,!%4P%6#z^*
794,williamsamy,55+UCsIn+5
795,haroldhall,7jsJdk*i%6
796,ninaharrison,soaM7W!aH*
797,michelle26,alBgCun_&2
798,landerson,^4Ke0cty$8
799,kennethmartinez,_sOH(Eav8d
800,stephaniehuber,2)aUifcc$W
801,heather22,eNi$3jIb5X
802,carterjohn,CU^R3WbVU9
803,barnesian,CrI4JKz6W@
804,paige58,s@0LIzkgFU
805,emilyallen,mJ1iEKNmY%
806,aaron94,)Md4Zw0d$S
807,whitedanny,+1JkoW_dXP
808,andreadominguez,Gfh72IyW0$
809,tmercado,+3qA1eQqPv
810,hrichardson,&*N2vRm*8n
811,cookjacob,hfM5szGA*5
812,tracy93,(@A4GkWzlL
813,clarktimothy,s@7NmTh32H
814,patriciaanderson,BX_GVjfd@6
815,morangerald,(%9OkdLV0h
816,jacqueline60,&048RFOlLh
817,maria86,*Kl9*2Ol#S
818,erika85,PcCNjNr&&2
819,uayala,0EoXnRqk_w
820,michellerubio,#10QKwoc%3
821,carneyisaiah,!2734GvtUF
822,larry02,$4tjNcP_Rc
823,huynhwilliam,)e6ZMpgg!m
824,amaxwell,iVWFonh5+2
825,fosterjustin,7+aTPkGl!$
826,conwaykyle,C2Arh8Db@1
827,tammy08,2$7U3JEhDD
828,kayla10,+Eh7z7LetC
829,alexandra43,%P65BexYiN
830,iwatkins,b!U1yOrd^^
831,ramosedward,U&x41GYbe7
832,wlawson,!6HFIT@jHb
833,heatherlevy,q_%n7HvKXd
834,robertsjoseph,HZo*Ezrv*0
835,shannontaylor,GJWM*@Hq#8
836,millerhannah,$YGZ26Zu)0
837,nmccoy,6s8DD1r6z_
838,suzanneyates,z&u(7Z7uU1
839,michaelrobinson,90cEmCfr^P
840,gerald91,7rdKaqS*^1
841,anthonyestrada,Fco43RZh#(
842,annarogers,!#4Ns(tN2B
843,unewman,m!2YKrS*CJ
844,ijohnson,)rsJ)PsF02
845,carlos83,ZooSN+Ct)2
846,andrew49,R*2CSdWf0r
847,lawrence38,&+7Tv&7lVV
848,carrillobrian,*9auGyMrJO
849,sheila15,%02d7Os$di
850,austinrhodes,TDWp3Heo*7
851,lward,p_3ZF9al9P
852,nmadden,rD7XVEuM!(
853,davisian,1oL0+0+C$T
854,anthony26,0Lq3UTz*M!
855,lewisdarren,!3eVofWi02
856,crawfordjennifer,$EM0jX&sZ0
857,kevingraham,^q74Gk%0da
858,cbailey,6Gh(6d5mR(
859,timothy99,@UTGL*eS92
860,toddrobin,Kxe7Y$ciH)
861,michael78,!j4TTwvn@X
862,sherylluna,(4LgsA4Kjk
863,brianbuchanan,1whMXijn#l
864,nicolesmith,gZ&1VQqg+%
865,bwhite,AeQVg0YS^9
866,dallen,+J4o4TFfm6
867,andrea63,jjS3LgZk@$
868,pmartin,y)35MSeIxk
869,taraschneider,f00jKe+d%8
870,johnsonwendy,v3Y167AcJ#
871,chernandez,9T809(Zi$F
872,callahanmary,#&8tE#98_v
873,carpenterbrianna,s8Qh%6Ly)E
874,colinpatel,Ct04XUWtK%
875,lrosario,VeHFzWnm)5
876,rjohnson,c^X6N5Kuko
877,cody50,#l94Bqwjb%
878,kristine29,%5W)02TwIf
879,irose,oscW%DIP%6
880,chaneytammy,n3LyPTYq)_
881,joshuaromero,L1Rf2Gg+%o
882,ingramdaisy,ShF3BCcz#p
883,dale21,0^Z@j7SI+5
884,robert81,94G10Z7m&7
885,ricemegan,S_^0Vk!d@Q
886,qwilliams,@@Q(9AkjfY
887,kperry,j2kETHyX^j
888,kroberts,9XJgToDd&1
889,stevenweeks,jDof4AjEB_
890,marquezpamela,k2D3j_lt!9
891,davidking,$6rNPmm82Y
892,jameshall,(qStZiLB6^
893,lmacias,0&#7dAip)7
894,zhenry,)d9SA2q&)1
895,coxjerry,(2qYjKhOrb
896,karendunlap,Zd3GlyZd!p
897,brodgers,06dmHM3v+(
898,nrogers,N*8^z$XlKq
899,gomezanna,2$7YXm&R$2
900,tiffanyreese,8dHTj1pE+&
901,jennifermoody,qB0M4^a%+8
902,travis39,)0$Wd)qgiP
903,aperez,KX$DSHwm(4
904,woodsjeffrey,#jAcWM*SQ9
905,sarahburch,DbF2V1lU6!
906,georgemorgan,Yj+4yIwaPK
907,heatherthompson,g)+5O0Uuwk
908,douglas32,J0eWYTkX_k
909,mpatton,u(5mK9W4Ld
910,tiffanysanders,vOc7F1sBp_
911,michael83,@qxh(zNm9)
912,derrickwalker,x4NVOl$X(#
913,kimberlyjohnson,$N@FSaih1M
914,marcussmith,$&0IkAL@G2
915,ycarlson,_Q)8ZBll9@
916,krystalvazquez,aI0&DyevP_
917,smithlaura,I%HA8VcbUF
918,ucruz,(3WfcCshB1
919,woodvictoria,@1Ge)&u(IX
920,meyerbrian,x%Cg0hGdbH
921,emily76,w1fJ(DjJ)B
922,garciakristina,_DTZQiQyk5
923,sandra18,R^73dZ^m&$
924,dereksimpson,X%R8Xbk98+
925,philipwilliams,*2bvYVqD!o
926,josepheverett,pYOt#IP@#6
927,cory64,z!3eyU#c2#
928,tjohnson,r(F2Vmle*N
929,jesusthompson,9omFq8Wn%3
930,carriewalker,ge0U2PdC*9
931,daniel45,(1bDwnAOmk
932,umartinez,2wB(+1Oo@%
933,kathrynallen,90&6W0rOD_
934,jonathan80,@)3+Rr63K_
935,sarahrivera,66AeW#u4#!
936,ericwaller,!I0WjTBgMR
937,jacksonsara,@Yj8lDXUx5
938,hbarnes,X719EIy59_
939,qsmith,9RPv#Gyg^3
940,angelalopez,*2y^43ZxeE
941,josephmorris,(!9LODlHkU
942,vaughanjennifer,&$57#SUjr_
943,ezuniga,^3nMsI+gu$
944,sharptony,y(20vcddMH
945,james93,_VhYe3cSH8
946,troy91,^CuENxeq9M
947,baileyjonathan,7%@7Lh!h&!
948,mcdanielrobert,p@44EumjFO
949,sjensen,W@9fSKp9iC
950,brewerralph,0g7YSQlw!9
951,haley11,F+@B5Oq_pb
952,meredith18,@uE0KpVwro
953,mitchell28,jct5Vwsum!
954,smithbruce,mzoD6fwa#0
955,joshualong,+^+qWUQqM1
956,patricianavarro,^!Ul#4T0Ap
957,prattkevin,49G96loO&6
958,carolineduke,@0z3Jy1o8V
959,ugray,+3U#6SjrMv
960,bhernandez,s4B7zut8!H
961,youngashley,!_SSgYVgN6
962,amurphy,jfS9&Ozw_1
963,thomasbenjamin,3@2BhlJ(Q%
964,jonesanne,z#1WyFCXmZ
965,kiara90,I!V4t3Pknm
966,brockjeffrey,G!s37BH7$f
967,richardberry,^38NTo1G!i
968,brendamiller,p@7iZl2wBu
969,james99,A8!%CRl+_t
970,shawjason,w!9hK2(owO
971,bruce81,H#qV$8TzI2
972,jason26,(6BX3O7Kd_
973,katherine65,_qHT4hBm*5
974,brownalex,64UIJoWa_k
975,patriciamoore,4WpxBnvg!f
976,bradleylindsey,+YWtry+S2M
977,pagestephen,y6&BuB26%8
978,deanna41,G9%dGUge^L
979,zzavala,Q(0#Um3p%)
980,tanyaturner,o_8IGy2t^2
981,kevin42,!C0S(W9mwo
982,scottmclaughlin,FgPm#9n3+5
983,mlopez,#$qQMfXeC6
984,xsweeney,7Kpe4Bcd(L
985,mcintoshjodi,+bEiJsHm7D
986,cjames,9F9d*&Te6+
987,anna78,E7KV^N&h%F
988,ncalhoun,y&Q0E2hlN2
989,michael05,q!91S$vD88
990,ldavis,_&6sJU0aSP
991,william70,bP#VbdVe@9
992,qlane,K8Ryob07*Z
993,jasonjames,c2$y(GyA^7
994,sheltonwilliam,#3JQa!xfix
995,foxsamuel,)WJ3hCynT(
996,cookbrian,qb)8NyC(rj
997,lortiz,@fL2Se5Y25
998,robertdavis,N!^!5es7+J
999,psmith,*9SprC2tI9
1000,victoria42,P4ZAcFG@&f
1001,velazquezkaitlyn,&C+U4cPjx3
1002,michael43,+yQ6J^Im(i
1003,robertharvey,Dp0XDY*i+O
1004,heathtiffany,566a%ZZh(&
1005,kimberly33,*fPIqc$G8F
1006,williamstroy,XYU9NPwx+C
1007,stevenmoore,gUE)OePM$9
1008,hopkinstracy,9VO^AXo5(@
1009,brewercrystal,Ju(43Zu(p)
1010,zjoyce,@gdBDCfD3r
1011,brenda75,%1Ff_^NOoN
1012,anthonysullivan,5K&C)gGl&0
1013,amanda69,@vG5E!to(3
1014,shannonjames,@7YbL4gl8C
1015,sarah84,*1N)7Utcos
1016,nbrown,)g3$EQ)jQ%
1017,usutton,*ALlQwv%2e
1018,stephanie81,_2$RvfyHG!
1019,elliottjoseph,&b#1AeNuK&
1020,morrismichael,^vLI9nYz6)
1021,michael09,+_$l#DAoo3
1022,thomas70,@7%RN^Nx_b
1023,denise76,^87^1B3iZb
1024,cruzkaitlyn,@5HPGZ$sU3
1025,mistyjennings,AmB36W@KD$
1026,thomasharmon,r#Q2cXt04e
1027,jeremyrichmond,lDtU6dvd_+
1028,jermaine36,H)qTj6OgN4
1029,stewartharold,)5jCrwzVV#
1030,william30,)1KI9sbs+t
1031,matthewwolf,#6J@&@pa&q
1032,jeffreylara,)nR1Fm%)f9
1033,vburns,(*2JAmWoug
1034,ephillips,39CVc6Fc)6
1035,sean21,#OlNi+0so1
1036,robinsonvirginia,B+4C_XICKf
1037,creed,l@eW7PqY8s
1038,nicholasmorgan,_%C5_MeF$y
1039,keithcurtis,yc!(H@lC*1
1040,hollyarmstrong,HI5TOx6Yf#
1041,norman63,)c5)Osuiy$
1042,brittanycohen,)QQ*&WFd79
1043,katiehayes,nFM#8DWjLq
1044,williamsruben,+sogkNmsP6
1045,terrellclayton,RW4d&nOy%3
1046,cassandramoore,J#K96*Fl2F
1047,rchang,(LuF8LNj(5
1048,zacharymanning,GV!GZHtv)7
1049,nrodriguez,_NdHPkly56
1050,benjamin66,)32t^Ey4G7
1051,wcrawford,8Y1bs_Bhp*
1052,driggs,K(7Ti)2*pw
1053,timothy86,c@9)G(Qoh2
1054,montesmarie,BWe^0Ov7^e
1055,sheltongina,*ViXMstbh0
1056,mschneider,e56MlPhw(u
1057,jerry81,_6IkWdmSOi
1058,colleen08,)r6Ypeye@3
1059,johnsonmark,^Y5Oah9ZA1
1060,zholmes,8K@4gYInd7
1061,lynchkevin,z^A7ShtdbG
1062,billyhall,3l!5aVhDnC
1063,stephensdavid,0gBhQlpZ%f
1064,holly75,S*b3meXrP0
1065,justin74,^ITJcbC24W
1066,jmoore,u*54S4!mG&
1067,robertlopez,#S$bAg$sR8
1068,vosborn,3QuH5Gc^(2
1069,saratapia,!c8dSFYsv9
1070,lydia13,@2EIbrAu_z
1071,coxkurt,m%Mxrk6aBW
1072,wilsonjoanna,!kHHAhwB@4
1073,tuckernancy,d5NXOCod%g
1074,regina32,5R3Ramno_S
1075,qreyes,$d2CcIGPOp
1076,kathleenholt,#+de0RBba&
1077,troywhite,)G^_1dOuxE
1078,louismahoney,_D58G49vGk
1079,conniestephens,*eBXc4bEp7
1080,gardneralicia,%4Y$Z#ka0F
1081,normanrichard,$v^8_Rn(86
1082,nbullock,%)vJQUhI7^
1083,jenna49,xGcmDhct)2
1084,rubiocarla,&+W1Alpl_@
1085,uhardin,+6#kMSX9Uo
1086,lewisjohn,@xFeS0sIS8
1087,zbauer,v$i3B%Cj0o
1088,nguyentyler,PsA6UfrK(2
1089,davidcox,_2fA#GewJD
1090,jamesaustin,%o6xbRFc%p
1091,robertbrown,%6a6Y@BSgz
1092,sandy48,O)9BelxHCy
1093,dennisballard,J+7HplfQUu
1094,wmayer,%8Yo9gJh(&
1095,amanda41,8j&Z_TcY%!
1096,kari95,##r1Nkgn2D
1097,fjohnson,g^1Lf(Fjky
1098,rbrown,$6_nNvkfUe
1099,tclark,_@D2VYq*5b
1100,garnerjoseph,)qEj8kEGz3
1101,steinsierra,t+4FQZt_i$
1102,matthew84,44IHy))m#k
1103,christine83,3v4UU&OkT#
1104,austinjenna,q!SLd7DaP!
1105,michael54,^a8RrSbvYj
1106,scott55,K*0ViVfd_(
1107,rsantana,!X)Y9XZcsX
1108,pauldavis,qj9BR69rz(
1109,michaelhoward,!45So4m+_k
1110,johngamble,n_ln2N7aWD
1111,joshuasanders,L&62SpNqtc
1112,butlerlucas,5O*1VUEyAw
1113,jessicaparker,iqiOjsj*^3
1114,ocastro,Yi$8&Lgf0%
1115,timothygibson,n)U*48GnhB
1116,castilloalexander,Hc8BzZSc@y
1117,rebecca90,@N6h2wQf8@
1118,cdaugherty,+8N(pDqx!U
1119,mark75,q*82coIduP
1120,phuffman,+^9WNRJnWE
1121,john16,*bWyG6hh^2
1122,derrickmiller,%ux4TviD*9
1123,jasoncox,a*d4(2AaN7
1124,brittanytravis,!^733BxbW(
1125,bhorton,$bf8sYwQqD
1126,rreed,_xD4OXtdC3
1127,bishopwesley,#BDwSB)X87
1128,bakerjames,*A0AmlUT!z
1129,keith01,#W1iXo(Z_C
1130,lori49,up6Rsadi3_
1131,castanedaxavier,%l1dBSod^Q
1132,edwin16,hPF8LV4j3)
1133,williamsmelanie,Pi5OtU2f#7
1134,heathermcgee,6HL1GuNw4+
1135,lisanorton,zy+6Wnf%+3
1136,gblankenship,Aj9Wy4kRb)
1137,rrojas,+3&O)Exy@R
1138,robertle,&+i02OmBQ6
1139,acevedokendra,Ih)7KSRo*5
1140,elizabeth50,!9GL@vntM2
1141,mcdowelljennifer,L%6XDoaj)S
1142,jacob20,ars)69Jj#L
1143,john88,(3)p9EkTWk
1144,achavez,Eyl60dRe%Z
1145,holly88,cp8bONArJ@
1146,jennifer40,Or#e6%NrKs
1147,david28,pA80BnsB^+
1148,shepherdronald,%a(QOHRo!4
1149,benjaminstewart,v3Acvt%S!k
1150,sanchezkevin,+IF6UriR76
1151,cynthia75,(57eLOf_$u
1152,hernandezwilliam,+07EeabY0K
1153,mariemyers,)&z6@SSdxm
1154,mdurham,hw6rCie7m^
1155,brenda84,mv1KhNXd!a
1156,cristianmartin,*oCNfsYSl9
1157,burgesssheryl,rJj4@9QisM
1158,rebeccabutler,tPlrJlzw!2
1159,catherinesanchez,b(6yJ8ttkf
1160,melissa08,0^6!j7Cf*&
1161,brittneyhowell,&5Y4UpUfoq
1162,hillbrandy,)eYGoVrt1I
1163,xharding,(pdwT!wuO2
1164,ahill,(mJLrJm*53
1165,harveywalter,m7h6AyPS$x
1166,gweaver,&gVH9h)Yv2
1167,thomasoliver,Dl6J*n%(^3
1168,latasha63,%!HVAdgMT0
1169,padillamark,f)d^9Plhya
1170,justin71,*7GZ^6VzQj
1171,jguzman,+uw+RethH3
1172,pearsonsandra,$GF2GtfI9l
1173,kenneth36,Cr0Ueb%j@Z
1174,xwebster,%)WLiZ(Y0A
1175,colleenthompson,A6kFI2)b&8
1176,millssarah,@1Wk+Nw*wU
1177,jonathon22,x(2V29#bGV
1178,amandageorge,Y06V4Zn%%7
1179,blackwellmaria,Jgtm+5Aa$b
1180,hillmichelle,*3DtfB0l78
1181,ritterisaac,6c9OzSa&*w
1182,fdavidson,!l&h9Gsx#o
1183,patrickelaine,h2Y8hqng$4
1184,raymondcummings,915NDfBN)$
1185,rachelmorris,(1(1!Ec#mq
1186,omcknight,3w2PVhJs@f
1187,johnsonheather,Y6VZ+jsP)a
1188,williamwarren,SJ1SxXZda*
1189,rharvey,I@5Ail3hMz
1190,userrano,T!mw13dOVH
1191,jaclyncarr,o@V8F9CsE7
1192,phillipsphilip,+L#aUnIOw8
1193,mariahorne,_4KNhAaKx9
1194,martinezstephanie,y$q3SHgpC^
1195,elijah32,QzB%*pjr&1
1196,tylerlong,+o78L7khI+
1197,hernandezmelody,)xF8*OWm^D
1198,ejuarez,_53jZpGd*N
1199,jaimeprice,#BWHi#0im5
1200,michelleparker,(9HS6GNwRG
1201,phillipsmichael,6E_9AjWf+$
1202,corey38,)L^RXhmvK3
1203,mburke,NE08$Wxi!v
1204,jaime38,3aIIaxWG$7
1205,david08,^95T9YniA1
1206,mitchell00,)h)DNyw2_1
1207,ahammond,5MC9TUej!*
1208,qnichols,N5VR)(Y!#x
1209,davila,VTs5MFAt^F
1210,derrickrobinson,l66bQK%r_e
1211,kevin34,_0IF9Wtmb$
1212,cynthia56,_Cy2agom*1
1213,kerry22,6r(qNWrs)M
1214,kimberlythompson,i&7WrExD46
1215,monicajenkins,0OdNrOI(*N
1216,ballardseth,A&0Kz(lKOw
1217,zanderson,%GYA%Ix81e
1218,nicholsfrank,Qq9E+YzqH!
1219,joshua18,r0EYh)ui@c
1220,natalie86,c)LgSqhq#2
1221,ross90,^)Zq7dEx*Q
1222,dawn00,o^34M%wXs&
1223,amber06,V*6%03Re!&
1224,bryannewman,PMLok%+m+3
1225,qgomez,)43AU8rf0#
1226,markstrickland,8cnRfa7X%1
1227,ian06,_P93Kv+8yZ
1228,summerrodriguez,(1A*8YNz%5
1229,russell94,*3Ii+^7aHY
1230,lrowe,l4IfY+Qr+t
1231,barberrebecca,*c8MON(f+@
1232,brandirodriguez,)4Sm!GWew4
1233,scottwatkins,)zq5Qk9B6Z
1234,aliciaphillips,W@U8LRdT@!
1235,steven26,&3LKLsNjvY
1236,briannablackburn,ppg5B+Jd2!
1237,lisa24,+r7qcWyzY9
1238,morganclark,(f8)AiprD^
1239,anthony98,S&98Clr^*L
1240,brentthomas,P9ogf8ir*3
1241,andersonstephanie,R#ml2T7d@)
1242,myerskenneth,89K$4ilK^!
1243,nguyendavid,3&24Ai2qMC
1244,patriciakelly,K8*Fh#(%@T
1245,hspencer,(9F2Xs2k)D
1246,ryancummings,5dR*SiSs#3
1247,linda82,^2IEsZu+DW
1248,carterjeremy,T@3mAVMdre
1249,ryanwilson,KpZ6R3Gt!4
1250,lindagreen,f8y4NSlO_O
1251,hintonrachel,g%7R9M#k1b
1252,murphysarah,lSm&J%J)!8
1253,jrichards,a0Ir*$Tf@1
1254,tracyrojas,$UpQ8fsZ2F
1255,joelobrien,v2(^cO!p$2
1256,melanie17,^y3boGRckI
1257,carl28,i)5$AKf2zA
1258,leachchristopher,N%#4UIOe(v
1259,fsexton,+dL$3Qz^9%
1260,staffordsteven,%5G%toF*EB
1261,mbaker,Jz6GW*B^P%
1262,sarajensen,sKRcHow(%2
1263,cassandra55,@aHs)DEN8!
1264,jamie10,&4H2wFrpq8
1265,ereynolds,N0rV6IbD*!
1266,earroyo,(8bTcAfPN%
1267,millertyler,DP8UyPh!_m
1268,dgray,w#4T9KX!iq
1269,eduardo54,Q9RW(J2x!6
1270,sduncan,)+6+S4Hx!i
1271,wilcoxerika,X@H1BYPSLc
1272,pklein,x_GwvCtI(6
1273,benitezmarcus,_3bI4#Hgth
1274,bphillips,4*71NLgCSe
1275,tonyrodriguez,u6PECw)*&d
1276,christopher78,&d7#QbgdT@
1277,fcooper,(X1Cta3mz2
1278,richard03,q#9kQ0ed)v
1279,bwilson,_9%uUkB8Is
1280,wilsonjennifer,oedz5MXc%+
1281,greenedavid,28TLQhJI)x
1282,daniel77,_C5OpKzaMW
1283,lisataylor,0_2VfX6rgl
1284,robert78,&1U+Yp_hE+
1285,amanda04,*UwY7el&3K
1286,bryan67,$e93H&r2&Q
1287,avaughn,7E%aD8Eru!
1288,mercerchelsea,1Hv3USVo_e
1289,chungamber,1N&6RV#bS9
1290,chavezjeremy,x(4Opo*lFu
1291,daniellealexander,ye26q9Bxk*
1292,garciamichael,#6#DnEFz9o
1293,carol57,gcBxx_6m*5
1294,johnsonjohn,W$1#6CoU)$
1295,ybishop,_7mSOl!h*f
1296,lhenderson,S6PULOFa*7
1297,ortizanita,EP14FS8sy!
1298,markaguilar,n3OhCrl*+I
1299,robertbell,#(XUuUZq56
1300,clarklinda,2p7DL+32(&
1301,daniellefitzpatrick,*65vMhGxDr
1302,katherine71,j6Drz@#k(E
1303,lhopkins,+71WbmGz&u
1304,jenna27,+8ub#51+Bx
1305,thomashart,FY#fCHsd@8
1306,rodriguezkenneth,@Z0R_Uhb#i
1307,thomas47,*JLhshPT5n
1308,joseharrison,5yQT0&Ye!C
1309,fgibson,(6G6Li+E6f
1310,barnesjerry,)k@QwN1e^3
1311,btyler,Z7d8VVKgV&
1312,curtisernest,c%_6UBVbNT
1313,warrenchristina,v%4^XjZD7X
1314,danielle78,9pURb*2f^W
1315,wperez,R*KDK8HoW3
1316,pwilliams,Z27OQMgw&n
1317,staylor,(2Z#aSe%mp
1318,alexanderlopez,BVR*32Ha#(
1319,ccarr,@_A1IIdtKT
1320,imiller,_4Z_SnG5Ve
1321,julie20,!6NoaUOu(L
1322,robert87,+3O^luN76j
1323,davidgomez,(OYNypdeA0
1324,harold99,&IS5Aq_+V+
1325,paul89,v&lW7Rju$A
1326,joann05,I)^8Sjgw++
1327,cynthiabaker,02ELbg7t(A
1328,dhansen,Q)tqbbZy)8
1329,shane00,pl4E8E7TK*
1330,cynthiachavez,4HDSJ0Dq&0
1331,barnettkara,^Y15PWulo1
1332,campbelljeffrey,#5*abNYnJt
1333,john70,8hvp&dwj_I
1334,christian99,S#B2R4i(@m
1335,westkimberly,cryJZIW@@2
1336,monica68,G8rKTJnb$#
1337,cookandrea,eVW0fUyj%p
1338,samanthaduncan,_3La4C#e3b
1339,ruthramirez,l&CT5ZVz*R
1340,codynorris,wf6AFVjz+0
1341,benjamincastillo,d8$^SxZd#1
1342,edwardjohnson,k+Y+5cMg5m
1343,johnsondennis,&^T*ey#zE8
1344,moranmark,j(s$7KYk$5
1345,flowersdustin,X6xhT1zU$w
1346,njordan,^fLPBA1&2!
1347,fthomas,&B2fFF8tcE
1348,jwhitaker,+bJ5kGDuz9
1349,rramirez,+4G6eRaP0P
1350,valerie27,!X3JIlDBbY
1351,brianblair,WQJ9yN6N!2
1352,ajimenez,s3BAoWz8_x
1353,fmartin,J#4RwAxbi&
1354,billy41,2g6pO9ip1#
1355,cherryhaley,k^n0B7MjHy
1356,robertsweeney,#!6gCYyNq0
1357,nleblanc,_*x6+CvgwX
1358,mackenzie32,2dsOCVv4$b
1359,jason65,b@6DT%ghyq
1360,timothy86,mYHhMzzH^7
1361,cindy12,#29H6bced&
1362,fletcherrobert,r!y5DVr@Fw
1363,suzannemcintyre,(KtnEGIni6
1364,kathrynacevedo,94Xflu9s!Y
1365,wardjose,OpI6c_B0+5
1366,yangtimothy,(d%9PnNb0C
1367,mendozashannon,Qo7_2T2af0
1368,ryangarcia,a!nV0PQxe_
1369,andrea02,(77*U71rVe
1370,pfernandez,F$6DzfkiLM
1371,elizabeth64,J5LUuwl&_T
1372,amanda76,!34BTdZn)j
1373,dawnbrown,(61CArcmFM
1374,zachary93,47Pml5JN^v
1375,amcdonald,x(94Zk+q_I
1376,erin64,+fYc!^i25H
1377,fbailey,J5E7)jg!_m
1378,jessicacollins,$4LkdxT37J
1379,katherinechristensen,*41FdJuvXl
1380,darren37,u9MZC@C)_k
1381,fgibson,OdhGn7ZT$4
1382,leonkaren,0CW^ePuB)3
1383,joycewall,#+8)YE4d&T
1384,npreston,l^8*4$Kjuu
1385,jesus41,gUl2SE9f&5
1386,melissajones,K8@MhUiZ*M
1387,xmelendez,!YVt5ZxsQ3
1388,jorge68,Km3q7G2rl%
1389,kenneth47,#eFk7Du%S6
1390,tarasimon,#TNKCM&s+5
1391,jeffreyjensen,G)6G$S(e6L
1392,ehoffman,PW2RcE3Dg^
1393,vanessa68,8&4WFl^n25
1394,lesliebrown,w3hrZUje%@
1395,umurphy,^thg0Iln3q
1396,shaun30,@9VOcLwV2L
1397,lopeztara,(NERV1Bz49
1398,jennifer06,0!YAKpmJ+&
1399,collin96,@JybYVvI6W
1400,cassandrawatson,!yf2AYakx+
1401,lindseyroberts,m)7SxASh8o
1402,billydaniels,h5eHvd$Y&V
1403,amanda51,o5lHei&j*d
1404,michellemcdonald,)1ZxZN2^XY
1405,daniel54,$8c@KZMLk6
1406,andreacalderon,uS8tKob+*2
1407,berrylatoya,o5gD6Qez#O
1408,elizabethconner,$nD(lz^y(2
1409,daniel71,j1Dncutv^b
1410,stephanieellis,_kQH*F1#t0
1411,rebecca32,)0HCbqVc1M
1412,vortega,*uJ@Ee44q5
1413,uwhite,^aUR4M8eg)
1414,marksimpson,2#8#KxTkzl
1415,laurenwade,(3+Zj($354
1416,brownheather,wmt4&5GpHD
1417,hernandeztanner,Me1DAXPu)3
1418,ismith,&7XWyx)B9u
1419,kyoung,6X7%4Gz*Ow
1420,fmiller,)^O&q&Z#$7
1421,ihernandez,*2NE)I$e+V
1422,pattersoneric,)Sq83Cyyu^
1423,bakerrachel,l&kTWZQk_4
1424,leonardacevedo,@&IxBYQyj7
1425,renee90,gU5YtMf3(g
1426,ann03,)vYTB1Als9
1427,christianmoreno,)d!B*)AC52
1428,evelyn97,vrFjH%C6$7
1429,nicole29,$5Y*Tqd6L@
1430,kathrynboyd,2Y#9lXtfVG
1431,ellisonjames,kIf3J#Aj5!
1432,mckaytyler,)+RdM59q!9
1433,gdavis,K*2XLYvc_H
1434,gentrykevin,IL65Un+b@c
1435,morrismichele,Ki4(6rZgBk
1436,kennethpowell,C50eBOg@$z
1437,onelson,NQ^QZDjx$0
1438,dawn31,@9FAQLxsqi
1439,toddbradley,+3EOf$FjZy
1440,anthonymorris,+xjRS0scn8
1441,aaroncalhoun,8rEXn*b9+6
1442,kayla73,)E2V(Dti4y
1443,hayesdawn,)1VkrQdPt%
1444,alicia93,!hJ3N7P70s
1445,zwebster,0kUJ%Q+g*r
1446,xraymond,(@apNycE48
1447,bauermatthew,)gbB6Z7sl3
1448,kadams,N71W80Tc^(
1449,johnstonstephen,J9Hje0Cg#_
1450,matthew32,sejTQ2UlJ(
1451,martinezshawn,$67&EduJg1
1452,mckenziesteve,*b9F%iE#BH
1453,david38,2xAE_o$a(5
1454,robert30,*9BIvTblL^
1455,mcochran,_9bKh&1z#c
1456,williamskyle,!4#JNeSiyX
1457,thomasmark,_fap2Ihli1
1458,javier79,_SLcA2Xwi3
1459,paulamiller,@xzHJ_Rr0X
1460,brittanytucker,CL5cSDwu(Z
1461,michaelmary,nqj2sElc^_
1462,jamesbrown,uCa3JkCN#)
1463,rachelhernandez,^Q2OtSCav2
1464,buckleykendra,$6Z++3Ayn1
1465,elizabethdaniels,5hb6jAZv!+
1466,kellykelly,*3TKSjf#Zd
1467,freemanshelly,@c(F0T6k0J
1468,burgesssara,$Uads1WyC!
1469,hooperjerry,*uHjjImH0@
1470,todd11,P+*S2HGy)C
1471,hsanchez,P2YdgpUt!K
1472,gevans,*L%6mVq#QD
1473,alice72,c24$Rf^GH@
1474,oboyd,r%9G^YcvtR
1475,bcrawford,%kZgf$pN+8
1476,mary30,&lyA^UnTW4
1477,rogerclarke,&mGBVjfN14
1478,deborah93,w#S()2Td3T
1479,estradakevin,aQ&#9JvjWQ
1480,mark67,ps8Iw3Woe_
1481,jared68,Hl$e03QM)9
1482,edwardsjeremy,%_Tpmf!f3o
1483,nmorris,9#R#P^gf%n
1484,hlarson,4x7o@JaD+r
1485,michaelrobinson,39+JdjXA&_
1486,gneal,+6R7P086jF
1487,mnguyen,DK6sJ%yO0+
1488,davery,fD*31N0u78
1489,deandustin,Z*2JfcfB+E
1490,kingkevin,&#Lk@Nrc(4
1491,stephaniehines,np++c5Stl!
1492,jmills,k#2VUvgc5#
1493,jessicahays,uS2WxPLLo@
1494,billy34,(6Qf3oxw18
1495,serranodavid,+(jXj_7x42
1496,sabrinamiller,Ni_GU5MhAK
1497,michaelmcgee,S#2B7PGn_x
1498,sierra93,jZHB1Kvg@i
1499,kingerin,t4nWYzD0)c
1500,brandiwarner,GG6ogOlr#(
1501,kathleen60,04LeUkg$)n
1502,kmorgan,#4OP+)ff*a
1503,patricia77,x045Ppm5%3
1504,alvarezandrew,l_7U@PT2Wb
1505,austin94,*tXdMW1i0Y
1506,ebyrd,23uSVIGe(A
1507,jaclynritter,qh4FS!maR)
1508,kimberly62,!&41Wzoah&
1509,rgamble,FaI$S9Oy4r
1510,dchang,6OX*JJJq!C
1511,seth47,K%My1yiyjA
1512,ffischer,_pJAxfir^5
1513,hlevine,tj)7D4jiUV
1514,jason03,$9GoW69v)#
1515,qwatson,X)*KA3lImK
1516,alex71,!GS3LI)aFM
1517,john81,l_33CG+osf
1518,taylormargaret,zijO3njB+9
1519,bennettanna,t45ITf4F&M
1520,thomas88,yW!1Af!q2b
1521,mcortez,g6RI%6hV@p
1522,brian83,XqR2Z1Aw$C
1523,jesuspalmer,7T*3w9IcFu
1524,ericking,gX*E7WxwK2
1525,michael07,%9FIn$q_6x
1526,curtisadams,pUsORyks_3
1527,kellyadam,Niv9Rr3Q@U
1528,graychristopher,+mAJ5Bj@%+
1529,tasha62,C%7Ui*MfEd
1530,melissaallen,))9tIi#(^4
1531,ndowns,1d(^m7PdQJ
1532,destiny91,Brd8+VQfL_
1533,billy55,#MXDK2Ac5h
1534,audrey66,7!O!VugF_O
1535,katrina38,(8Wnno0wg5
1536,hmartinez,Wx@66aWxNW
1537,nmartin,v6%9^H#nh)
1538,daniel84,nw@Pd8WcA6
1539,brownvictoria,0x7X!bw%#)
1540,daniel18,YR4wUtn^&S
1541,david25,(5Q02VJEgd
1542,harrisanthony,RB+&8PXa#b
1543,anita69,(y48aJe7!Y
1544,mwillis,a&D66F+mnm
1545,xramirez,JvBL0TLc1$
1546,paul84,)1C4Nyz#Dt
1547,whitesean,1Q&z3JVjan
1548,crystalrodriguez,)n88GThB%+
1549,isaacpalmer,!F2MDoiO_P
1550,mcneilpatricia,(uXtjkvQ46
1551,pattersoncassandra,3PMWCsQe(M
1552,charlesdavis,H9EW9iTa^_
1553,donald29,M!FE6Zrfy6
1554,bjohnson,Bii4FSog_S
1555,ftaylor,(%NgUN%l#2
1556,danielross,8m_(R_Fm_$
1557,charleslee,Np6PAlp^6(
1558,xadams,&QD3E7mtx1
1559,derek79,$0kXaBc#eQ
1560,stephaniefloyd,1v2SJAp6_o
1561,ewilliams,c@#PUiqv(5
1562,mark74,YViIArTj+0
1563,changmatthew,n%5Pyb^2(D
1564,rmiranda,bGQ$+9Xj+6
1565,jamesperez,g53aEenwT$
1566,heatherjohnson,W%s5P@2hpM
1567,michelleroberts,*#lBVuVd46
1568,karawilson,wkf5DqT0D^
1569,sierra55,#uX@ZLp44k
1570,elizabeth17,$6MZhROw5o
1571,nicholscharles,ZE39Qyy4$Q
1572,donnarobinson,b44Mprgi_n
1573,taylorpaul,HUp3a5Ao3(
1574,debbie30,@FcKS!Xa07
1575,natashafrye,p+5TbotZfZ
1576,courtney82,!&ba1bKaBt
1577,johnsonpatricia,5Bh4SAi$X$
1578,youngnathan,I%&A1LHuHu
1579,maysteve,)8Jj1zX(^g
1580,peterdelgado,*DM!Kbdn3R
1581,susan35,z$Q+0Ds@3V
1582,williamwilliams,X%qX0XHbd#
1583,sherri20,!dC#IRUj2i
1584,evansmichael,#TuC*@cp8d
1585,rodriguezvictor,@+2DZFGjCv
1586,tammy24,MbU5mBG^j@
1587,patrick09,q$65PUjo)s
1588,kayleegarcia,@!j15MVgt*
1589,ipetty,p3SHzZJr^d
1590,annastewart,)Wd_+uJ#z6
1591,parkerglenda,5E4NNVVe!%
1592,robyn83,f43My(Cmz$
1593,aherrera,!0VIx+kWyn
1594,michelle19,JR1Z3NmL*f
1595,brownmatthew,m#bq4R2dCp
1596,jameshorne,_TMPdXNZz0
1597,ethomas,+guvg#Cqz6
1598,charlotterichardson,Sj!oUV!x^8
1599,mikaylastuart,xtIQ@oR3!0
1600,rodriguezmark,Ez5TB$bs$L
1601,newmanrichard,U2#7Jtcn(Z
1602,william83,9RPPM0fZ^d
1603,robertrodriguez,D)EdK2M+Yn
1604,eschmidt,X!3Mbsw60%
1605,markbell,)gI1r!1z7)
1606,mary96,!83OxMvPb@
1607,aaronharper,SFB4k0y(1(
1608,robertfisher,*v)8VMEfpm
1609,thompsonjerome,HeZH3Wk(R$
1610,oflores,r+pHvBHt)6
1611,bradleytonya,$6pCOxuUt@
1612,meganpeters,d@6I5Iae(u
1613,aoneill,JN4JwolY4(
1614,dschmidt,!^0VlOt(V6
1615,crawfordann,@%m3Cp!##m
1616,catherine08,(w9hagDlDn
1617,juliemoreno,^gt6KIi5gV
1618,kirbytraci,S79H5Zg40#
1619,wjohnson,(_1bTIoeU0
1620,edward15,%NqoBJ1c7s
1621,annette57,ou7khgAl%C
1622,briggsmichael,N5yOag_F^4
1623,diane36,49WuvHvK#I
1624,jonessarah,G6Y65YfD@y
1625,ymatthews,#1k6YBq12C
1626,ohenson,T2BaQjAr_d
1627,linda37,CehD0Qsc)a
1628,michaelthompson,y(b89oWvbF
1629,katherine53,7VYsGnvo+8
1630,wendy36,)A1@)AHo#1
1631,millerkevin,1wUH&cfY$B
1632,jamesbaldwin,)vA!FvYkJ8
1633,kellyallen,zSO0Q(lzo&
1634,dawnramirez,d#5QHZAmNP
1635,teresa24,)J0PDWal+D
1636,jennifer13,oR3AQXhg&j
1637,howardbarbara,HR47TpMou(
1638,katherine56,JTN#2E^es&
1639,martinezanthony,%wLOukHD_6
1640,zdavis,_pOJ3N&Y5e
1641,payneadam,!C8JqfMZ%+
1642,summer37,&35(sCuH@e
1643,michael16,%#0TRuHui0
1644,jasonsmith,Ug9WsCLb&7
1645,thompsonjohn,IlVJTJND+5
1646,barberdarius,&w0dCTBu3f
1647,amygoodman,a@q5ZvaJmm
1648,carrie57,^^$V2VecAC
1649,mark35,#lXtM9MF%7
1650,umercado,Dp_^F2Dx*4
1651,ann75,v_8ZY1hNs^
1652,tammie98,#9QIvIQiOR
1653,yvance,(Ds66^Er)C
1654,pricejacob,C)6!P1krYV
1655,walkerjoshua,+N*E3HQp49
1656,zbryan,(%7!l&8tKE
1657,tabithajackson,!6q53IhCnl
1658,karajames,K5(5UEvwmT
1659,mullinsmonique,I^5tPlKeq&
1660,kimberlyadams,@3L1)1h7^e
1661,andersonjustin,%ZZ4Qmi(jc
1662,nunezlisa,8F_VrL3b$p
1663,saraholsen,^1YdDxyo)V
1664,heidi15,+3nRPuc76f
1665,johnsonvalerie,2s0Nh+QqS&
1666,ymason,n^7#6WMmEZ
1667,fred52,k(l1vSPkcy
1668,jenna31,n4Zfjsq@^g
1669,chelseahudson,C0I7@2Jo#B
1670,matthewhall,#dU8DqQbXd
1671,patriciaprice,1VRK4w3f*1
1672,flynnalexandra,e_w42MahL0
1673,wilcoxedward,_h5!ciA#^+
1674,joshuajohnson,9N4Uqq$a&*
1675,mcmahonmatthew,L7EXKUtl_6
1676,juliepatel,awoX&9!u+5
1677,rachelburns,(p7^Qcub%!
1678,rileykimberly,)b0Sqmxg^D
1679,adrian36,HQ3W@Teh*6
1680,margaret43,q%h3OGbpCe
1681,daguilar,Q1&p5)oK_C
1682,mcphersonsandra,%0TjqKlOGL
1683,tanya39,Vb4Ogx8cz^
1684,jamie15,!xgIS+9f_3
1685,townsendanthony,7soGMN5L#C
1686,amygreer,(HxSYWjVZ7
1687,christopherjimenez,!35wnHaF(Z
1688,bradley84,I)9sz4J16u
1689,torresjason,(*2p8OKe6H
1690,jennifer93,4_CFT4Bz&Y
1691,kcarter,DN3t^LLb!p
1692,nicholas49,+Jg3GJgmH5
1693,zsantiago,Y0pJ5pNp^Q
1694,cjohnson,k4xRCoSk+9
1695,andrecooper,w7QME1k(@1
1696,charlespope,O!Bs4gj#&8
1697,tyler73,@9T8Hum3fB
1698,obrienstephanie,%yO+_bdHG6
1699,dmarshall,C%8i4)MxMn
1700,travisharmon,Wsk5r$Q8h_
1701,lwebb,E*0wIjWV3$
1702,phernandez,m45XebDl5(
1703,linda38,&3JU$l!b%k
1704,stephanieolson,atyW49Zm^f
1705,vincentmcdonald,H+4DymSt0S
1706,keith14,_&*dI$f+U2
1707,donaldsonmatthew,gB6eKP0s%_
1708,tdennis,a&7KYtLjB(
1709,anna58,TVA3oVtv(C
1710,qvasquez,%TS6I#beBr
1711,richard86,)C1K+Eqkp_
1712,jmitchell,97&nWSr9#z
1713,wwoods,fXvVn)A!#8
1714,robertreyes,&2W%frMg#D
1715,glovercorey,FR*HR9Lzl%
1716,uwillis,g$8Ebc9Dst
1717,scott76,6$1RzrGzx+
1718,zfrazier,&7Uy9Mq$ja
1719,gweiss,)wEu@q7EN1
1720,cohenanthony,+$Ii8VEcJd
1721,sandra37,6ud&Ar2w+4
1722,robert95,Sz6FFd@$!*
1723,kevinjohnson,Y!9TcPgjZP
1724,mitchellandrade,$GqIZYDj6t
1725,jeremy57,p2hAFfu7_W
1726,annemccoy,)5gSYTiF5a
1727,jenniferhanson,hg36rKUh_n
1728,victoriawood,@b3sZBvQ0%
1729,nguyencheryl,#E9*Iyc4F7
1730,heatherhernandez,0NZF0Xdt*@
1731,jenniferrodriguez,0PNn9%k2@1
1732,kmaldonado,w(9Q+#F^vy
1733,wrightkiara,2CEculeY^5
1734,olivia72,^w_bNR3o4I
1735,williamsdwayne,!6Elz$Uz4*
1736,clairebaker,*_2Maq3aA&
1737,keith89,(4adLng#En
1738,douglasschroeder,sHZWx8kZ)3
1739,richmonddawn,+07weNt@$+
1740,robert55,K+s1Q#Xh8P
1741,yturner,gD3oq1a4U!
1742,denisewilson,4n0SJ9tKa!
1743,mgomez,%Zw(9Z(oDn
1744,elizabethhansen,p_c5PQW!Ue
1745,millerchristopher,+Nx1HDSvGt
1746,jacquelineknox,^x7*SO_fm3
1747,ubrooks,W)661AMJer
1748,sthomas,@zVLKZexc3
1749,heather64,2I_12Cd%Ws
1750,rturner,g7Vz#GrJ#(
1751,mendozachristopher,Js8V!9VbB%
1752,bmiranda,^JrL5Xip)R
1753,clarkjulia,L9fUw#Hj+u
1754,norrisnatasha,o$SU7MCp^6
1755,shahjoshua,GNk9xYIz&1
1756,jameswood,8(n2HuGjIv
1757,taylorharris,41wdI@Ju_^
1758,robert12,Y#0EH&Ma+x
1759,burkeamy,Q&1Ga0R7$r
1760,rogerscalvin,)26Extz#7M
1761,kimberlymurray,+CrHl4XyW6
1762,michaelbrown,mMA1Dkmed)
1763,jilltaylor,o*5R%xZt*7
1764,jamesbridges,9zVo8eRd@q
1765,benjamin38,m!b0xW(rAr
1766,jberry,Zz&ge3NskN
1767,richardsonpaul,i1TmAanH_t
1768,ywilliams,tY+VpnNz$1
1769,fischerdeborah,L#0Js2)M&o
1770,wesley66,i&K1T7Js23
1771,ohenry,Uo2VKK8kN_
1772,joshua87,o#4vJznvD)
1773,kroberts,Qp^5u2NHq$
1774,abaker,)Y7$WpXcaj
1775,ariana10,Qs5XCA3kN&
1776,robertsonangela,TyIaB6xJ+1
1777,alexandra38,wa@6E6VxBO
1778,robinjordan,#Y@#6Hc+$Z
1779,christianwilson,+232IJ+n0F
1780,beckerbryan,@b&5URXrB7
1781,tonyacarter,d!00WGumsZ
1782,amandapearson,n8!2YCWzJf
1783,padams,o^%2*JgAUw
1784,oaustin,X$Je7WozO%
1785,hartmanjeremy,OGQU2Outt(
1786,sferrell,lo4Z)Cn*1!
1787,monica98,kV&0UN#rm%
1788,njimenez,&JVu3W*lg$
1789,blackwelllori,ORYK#9RhjU
1790,gguerra,$S^2BqVaAJ
1791,thomasgross,TT7XQnMm@)
1792,cwilkerson,xqjAGuDU+3
1793,andrewilliams,(2DA&Uo8+o
1794,ewarren,f*4Vi0F&so
1795,smithkelly,BsNKQUle#7
1796,edavis,%o9QjyP9M8
1797,erikwagner,v!v9TcwsP*
1798,haley91,*AluE9Ck$6
1799,scott66,)J9vAtnw#+
1800,joshuajordan,T)Q9M8i#lD
1801,terrilove,6TZmaO5wF!
1802,halljonathan,7fD%VH#c%N
1803,matthew66,_l)2@xGhB2
1804,danielharper,@$3)OnfJV$
1805,jacobjohnson,_96#XRne$M
1806,louispowers,&8c_JJ9ar0
1807,mortonmelissa,c8sLSzel%M
1808,todd72,0EGVcf0m!h
1809,romerokevin,^8(ElVcxh5
1810,johnsthomas,Tu8_Fh#7)5
1811,acostachris,Q0SnF#Iy*7
1812,austinlopez,5^rX94Epw@
1813,burnsnancy,#0%ZydJW_h
1814,uthompson,&j4G*MfP^i
1815,melissa77,02b+x5Sg1j
1816,peter01,*aX5wMsi_g
1817,jasmine78,hup5Qjse2(
1818,craigbutler,f()M3^qXlI
1819,karen90,#_ii6Tj5Sb
1820,qlopez,Zf6pDsrQL$
1821,beverlyhowell,2Tx+9WPkL@
1822,kyleenglish,)44Dp8xx5j
1823,ejoseph,$4QJ*kW^_j
1824,sjohnson,7Xc(F3Wm*)
1825,nli,Sc1o$FV1U)
1826,stephensaunders,lX0_WQgZ!P
1827,cbishop,d%0StBj9YZ
1828,mark63,*9f@JQ%a6i
1829,matthew53,1LupFjIG)3
1830,hbradford,%4fyZxAw0e
1831,tferguson,KF0)u3EqF@
1832,anthony56,04C1UoWX!+
1833,kevinbrown,CkH8+6FLa)
1834,jeffboyd,ASDgrLTy&9
1835,greenamanda,&+8ky7DBqb
1836,andrew87,#xOg)KXiT6
1837,hahnstephanie,RpB71Skk(9
1838,lerickson,D5KvZy!!!m
1839,brandywashington,O!HZHVWd_2
1840,samanthasantana,F#@Jjba&#5
1841,heidimarshall,o#29AuWqAk
1842,andrea74,&a)2FQpuA1
1843,duncankirk,tG_u1Jpw&g
1844,diana41,X9NAqXKr)7
1845,david52,Nx%I6EgnZw
1846,cflores,(uD32vQz@2
1847,teresa16,m0+Ibj&X#y
1848,katherine33,is7RhcPp_1
1849,millermaria,wsRH1WwiR#
1850,gjohnson,_7DZWaGoyE
1851,jessicamorales,+#)sB3LyWq
1852,holtmorgan,$0@1PLDb^*
1853,osmith,*eCAUbF529
1854,samantha82,xEjXa8_y%8
1855,candace27,%aATQRAmq3
1856,hannahhenderson,j_39H7gy1j
1857,cspencer,#7ALTLqs+t
1858,mooreandrea,WMO+a6Brwu
1859,bonniecooper,2_Ul6Mpbtb
1860,rnelson,R0mUSfII*B
1861,hughesdaniel,!8iU^KDsb9
1862,jenniferrodriguez,!^mPFKLuy9
1863,qpeters,&^0DBX@uFq
1864,stephaniedavis,2KE(NvYf*t
1865,smithmichelle,p4+cbNIj$^
1866,carrie36,l05eWTmp+S
1867,brianerickson,#6%InqI4wc
1868,lstone,YyqMgXWz(1
1869,vbenson,4la*SWef+l
1870,christinemckenzie,(6XHTe8q^F
1871,mooredaniel,q&SF4TukB)
1872,randylee,_OMfOi7e4r
1873,ambermorales,H#Q6OfQdb4
1874,collinsfrank,&X3CTrWp8x
1875,lindsayking,0CU&b#e5)N
1876,james08,GN7JMv&b@y
1877,dannycasey,&$8jL5os_(
1878,sarahcook,b9Q7i&Uk*!
1879,anthonyrichards,Qz7&pYng0_
1880,kenneth04,&!(CLASZ2y
1881,pamelagallagher,^x44Sr2@$9
1882,krios,S(PNlO!r@5
1883,sarahpetersen,4(8Vgvl(hW
1884,paulasmith,_m4Auovk@&
1885,aaronmedina,#4CN^PiQ**
1886,tiffanywashington,!mmLFJUC84
1887,jobright,_wbX5G5MP3
1888,justin60,$THb%np(9R
1889,aprilphillips,v7_!YNsa_A
1890,elijahsmith,)IiQut0i6@
1891,robertrodriguez,(90BnbqK87
1892,sschaefer,$_c10TenWF
1893,mariasolis,(s26G8ju$*
1894,james82,&@MEwWh3G0
1895,molinacody,t_5E%pP$Ls
1896,careyjeffrey,B1kEHgIf%r
1897,jjuarez,+er3#Anj4B
1898,kristen68,r^6tkKe$^S
1899,rleonard,(&6f9V0rY1
1900,jacobbonilla,!#0DPXdQ2M
1901,daviskathryn,2@48Sk9brn
1902,xcervantes,5j9KsSFA)s
1903,mrussell,0pAR6e2N!h
1904,leachjason,gc@3Zivw5^
1905,bellbecky,B*8Wx0eixA
1906,mbaker,_m2mJ*Em3X
1907,jgonzalez,$&9NFNZhME
1908,ortegadevon,i@8xW4EU^l
1909,ashleywilson,w(q5DKKhlw
1910,iscott,*)2cJ2Bt!@
1911,jamesduarte,mS1_2ENzY!
1912,mjames,9cBQi7pK#%
1913,dawn28,!P1VCPr4#c
1914,jon04,!v8ePssO&O
1915,brownsheryl,+u$LM6%N_9
1916,uwilliams,%4hWIgKyPb
1917,maldonadojoshua,&dF8MmHzZp
1918,kbridges,DwP40Xdh*8
1919,ywolf,X%J51hBC^7
1920,xwilkinson,3FBGrXcK%y
1921,sydney66,k6@Xz!tn&V
1922,brianharrell,G6YChx2u#M
1923,kim30,7!DNkrtG_G
1924,yglass,CwrOh5Nw$i
1925,john82,)0jHZHkg2s
1926,matthew40,pRZW3&Ge@9
1927,jfreeman,RA*c8TnQ$v
1928,xgomez,1JJ2Mcdm+z
1929,anna26,32aZEFWs#x
1930,amygonzales,38hXNWMx&B
1931,hjohnson,_Yr8)Sb$r3
1932,twalker,!UEO#zoef6
1933,xreynolds,k0WyTZAL#5
1934,moorecarrie,0OE1vh4T_k
1935,uphillips,!R2gj$GzLF
1936,benjamin39,1IYNEzSG+6
1937,rachel38,^7uSb3HAUt
1938,erin41,(X#1H)i+Lx
1939,paynescott,$fUQaGea8A
1940,savagepatricia,M)l47bXs14
1941,sullivanjohn,JISzIo1k!3
1942,yvalentine,!t3X6SI+&9
1943,smithricky,vnGWE4iP+3
1944,crogers,_wNiUcX&u2
1945,anthony59,U^07Rg(u#y
1946,shaunjones,!SBjSpg*9P
1947,shawn23,%NF9OlAxo*
1948,ramireztravis,Z#CxTN0g*A
1949,lisacaldwell,%%S92HnV3+
1950,lauren24,MsaHV#@a+5
1951,ramseykevin,n@z41&#kST
1952,osmith,@69KAXvV_V
1953,tuckertracey,Yp4OQd%Hk@
1954,qperez,@IG1Kf!@#&
1955,bergererin,eHV4dcPvY!
1956,lynn55,(J8IFcRp7h
1957,austinstanley,&doe^nLg09
1958,howardjennifer,Ja!5)Vz)@f
1959,tjackson,EFUMc2Vo$f
1960,graybarbara,#6uJ1Kdk72
1961,nicole43,!7tkxK7eP0
1962,joseballard,+u&7QZ5ve0
1963,tami42,(!0QfCd!GM
1964,williamcain,&qe(KSwm9K
1965,vstanley,%v074CWrR(
1966,fsanders,ac34RcFF@!
1967,heather94,^Mi8gW5rh_
1968,mbarker,%X1i03Dy3z
1969,patrickgarrett,63!AjSN$)g
1970,zacharyhebert,)38gL&Lf*e
1971,zperez,E6fFAUmf(p
1972,judy03,X29WDwjgy#
1973,russellgail,L7jJ_$6c+q
1974,tammy12,++Yb(8Cml(
1975,tbailey,(@R6I(nn3G
1976,waguilar,u54CRyZw$^
1977,combsdana,9OII3mGy@(
1978,williamfoster,9x(7AsqMHp
1979,snewton,((5Y^fZ62H
1980,nicholsjeffery,7UWh7JPm&0
1981,roger25,p&s1&Zpx6z
1982,james94,^0FM5yf4fm
1983,chadbest,!kIExemc)3
1984,diazdonna,T(8mVwzzi1
1985,stricklandkarl,%LZ&ITVei5
1986,moonkristina,_3yYB0glAc
1987,kenneth39,!*4YjTq&iq
1988,tbrown,w_7XLlH##7
1989,fbrown,(0Z$9mo@s)
1990,dawn78,069%#TP%@p
1991,angela74,+p*h2Dw!#Z
1992,zachary98,@0mKIct!0P
1993,pateljennifer,x@8GFeJoio
1994,cuevasdylan,%3V6k5pCa8
1995,michaelcastillo,Bj9SfBuq+a
1996,christophercrawford,$sH7nFRjuO
1997,john64,&8#HF3ux2g
1998,daniel13,40Lno^EwN!
1999,lesliegreen,()uY1gEd*8
2000,markstevens,ky15g2Dq^)
